{
    "None":{
        "mnist_train": 0.979,
        "mnist_test": 0.9595,
        "usps_train": 0.818,
        "usps_test": 0.783
    },
    "KFOT": [
        [
            0.732,
            0.7555000000000001,
            0.8025,
            0.77,
            0.777,
            0.779,
            0.7745,
            0.7795,
            0.782,
            0.7885,
            0.784,
            0.789,
            0.792,
            0.7945,
            0.789,
            0.789,
            0.794,
            0.7935,
            0.7965,
            0.7925
        ],
        [
            0.732,
            0.7675,
            0.7705,
            0.7815,
            0.793,
            0.7945,
            0.7955,
            0.799,
            0.802,
            0.7945,
            0.789,
            0.795,
            0.791,
            0.789,
            0.786,
            0.7915,
            0.7925,
            0.793,
            0.785,
            0.7895
        ],
        [
            0.802,
            0.795,
            0.8055,
            0.805,
            0.808,
            0.8045,
            0.8105,
            0.812,
            0.806,
            0.806,
            0.8130000000000001,
            0.806,
            0.8065,
            0.8035,
            0.8045,
            0.81,
            0.809,
            0.8045,
            0.8055,
            0.807
        ],
        [
            0.8055,
            0.7845,
            0.7915,
            0.7915,
            0.7995,
            0.8,
            0.8095,
            0.7895,
            0.789,
            0.7915,
            0.7975,
            0.7895,
            0.794,
            0.796,
            0.795,
            0.7955,
            0.7935,
            0.7905,
            0.793,
            0.792
        ]
    ],
    "FOT": [
        [
            0.795,
            0.776,
            0.7745,
            0.7945,
            0.7975,
            0.7825,
            0.7925,
            0.787,
            0.789,
            0.787,
            0.7875,
            0.7875,
            0.7945,
            0.7935,
            0.7985,
            0.8,
            0.799,
            0.8005,
            0.7965,
            0.7935
        ],
        [
            0.6895,
            0.7555,
            0.7795,
            0.7735,
            0.7855,
            0.7775,
            0.782,
            0.782,
            0.7775,
            0.787,
            0.788,
            0.788,
            0.792,
            0.7945,
            0.791,
            0.79,
            0.791,
            0.789,
            0.7885,
            0.7905
        ],
        [
            0.7585,
            0.793,
            0.7785,
            0.7955,
            0.797,
            0.7935,
            0.796,
            0.795,
            0.794,
            0.7945,
            0.791,
            0.793,
            0.7935,
            0.7965,
            0.796,
            0.7915,
            0.7905,
            0.791,
            0.7905,
            0.7925
        ],
        [
            0.7085,
            0.777,
            0.7735,
            0.7845,
            0.7885,
            0.79,
            0.783,
            0.7875,
            0.788,
            0.79,
            0.787,
            0.7905,
            0.788,
            0.7895,
            0.792,
            0.7895,
            0.788,
            0.789,
            0.789,
            0.792
        ]
    ],
    "LOT": [
        [
            0.794,
            0.775,
            0.7735,
            0.7935,
            0.7955,
            0.7805,
            0.7905,
            0.785,
            0.785,
            0.783,
            0.7835,
            0.7835,
            0.7905,
            0.7895,
            0.7945,
            0.796,
            0.795,
            0.7965,
            0.7925,
            0.7895
        ],
        [
            0.6885,
            0.7545,
            0.7785,
            0.7725,
            0.7835,
            0.7755,
            0.78,
            0.78,
            0.7735,
            0.783,
            0.784,
            0.784,
            0.788,
            0.7905,
            0.787,
            0.786,
            0.787,
            0.785,
            0.7845,
            0.7865
        ],
        [
            0.7575,
            0.792,
            0.7775,
            0.7945,
            0.795,
            0.7915,
            0.794,
            0.793,
            0.79,
            0.7905,
            0.787,
            0.789,
            0.7895,
            0.7925,
            0.792,
            0.7875,
            0.7865,
            0.787,
            0.7865,
            0.7885
        ],
        [
            0.7075,
            0.776,
            0.7725,
            0.7835,
            0.7865,
            0.788,
            0.781,
            0.7855,
            0.784,
            0.786,
            0.783,
            0.7865,
            0.784,
            0.7855,
            0.788,
            0.7855,
            0.784,
            0.785,
            0.785,
            0.788
        ]
    ],
    "OT": [
        [
            0.7404999999999999,
            0.719,
            0.726,
            0.75,
            0.7585,
            0.746,
            0.7615,
            0.765,
            0.7605,
            0.7575,
            0.761,
            0.761,
            0.765,
            0.769,
            0.772,
            0.7715,
            0.7725,
            0.768,
            0.764,
            0.761
        ],
        [
            0.6769999999999999,
            0.688,
            0.717,
            0.723,
            0.7374999999999999,
            0.7284999999999999,
            0.7424999999999999,
            0.744,
            0.7525,
            0.7585,
            0.764,
            0.761,
            0.7725,
            0.771,
            0.7685,
            0.768,
            0.7685,
            0.7675,
            0.771,
            0.7695
        ],
        [
            0.706,
            0.7655,
            0.7575,
            0.756,
            0.754,
            0.7424999999999999,
            0.7434999999999999,
            0.7555,
            0.758,
            0.7665,
            0.7615,
            0.766,
            0.7685,
            0.7715,
            0.7695,
            0.767,
            0.772,
            0.767,
            0.767,
            0.7665
        ],
        [
            0.717,
            0.7785,
            0.7655,
            0.7755,
            0.779,
            0.773,
            0.7645,
            0.766,
            0.7675,
            0.768,
            0.7655,
            0.7715,
            0.774,
            0.768,
            0.765,
            0.7665,
            0.7655,
            0.768,
            0.7645,
            0.768
        ]
    ],